 ,Site Name,Location (District),Exact Place Name,Exact location (map link),Historical Significance,Key Attractions,Age Group,Entry Fee (₹),Timings,Travel Distance (km),Bus Name & Number,Bus Charges (₹),Nearby Best Hotels,Best Travel Season,Best Travel Mode,Highlighted Dates/Events,What to Buy,Estimated Expense (₹),Top Tour Guides Name,Top Tour Guides Contact,Nearby Food Recommendations,Accessibility Info,Safety Tips,Cultural Etiquette,Fun Fact,
TJ001,Brihadeeswarar Temple,Thanjavur,,,"Built by Raja Raja Chola I in the 11th century, this UNESCO World Heritage site represents Dravidian architecture.","Towering Vimana, massive Nandi statue",All Ages,50,"6:00 AM - 12:00 PM, 4:00 PM - 8:00 PM",3 km from bus stand,TNSTC Bus #5A,15,"Sangam Hotel, Hotel Gnanam",October to March,Bus or Auto Rickshaw,Maha Shivaratri,"Tanjore Paintings, Brass Lamps","300 - 1,500",Raj Tour Guide,9876543210,"Sree Annapoorna Hotel, Thanjur Mess",Wheelchair access available,Avoid visiting in summer afternoons,Wear traditional attire for temple visits,The shadow of the temple’s Vimana never falls on the ground at noon!,
0002,Meenakshi Amman Temple,Madurai,,,"A 2,500-year-old temple dedicated to Goddess Meenakshi, showcasing intricate sculptures and architecture.","Thousand Pillar Hall, Golden Lotus Tank",All Ages,100,"5:00 AM - 12:30 PM, 4:00 PM - 10:00 PM",2 km from Periyar Bus Stand,TNSTC Bus #12B,10,"Heritage Residency, Astoria Hotels",November to February,Walking or Auto,Meenakshi Thirukalyanam,Madurai Silk Sarees,"500 - 2,000",Arun Travels,8765432109,"Amma Mess, Murugan Idli Shop",Limited wheelchair access,Be cautious in crowded areas,Remove footwear before entering temple,"The temple has 33,000 sculptures depicting various gods, goddesses, and celestial beings.",
0003,Mahabalipuram Shore Temple,Chengalpattu,,,"A 7th-century architectural marvel built by the Pallavas, part of the UNESCO World Heritage group of monuments.","Rock-cut architecture, Krishna’s Butterball",All Ages,40,6:00 AM - 6:00 PM,1.5 km from bus stand,TNSTC Bus #56X,20,"Radisson Blu Resort, Hotel Mamalla Heritage",December to March,Bike or Car Rental,Mahabalipuram Dance Festival,"Seashells, Stone Sculptures","700 - 2,500",Shiva Tours,7654321098,"Moonrakers, Sea View Restaurant",No wheelchair access,Beware of slippery rocks near the shore,Respect the no-touch zones near monuments,This temple is one of the oldest structural stone temples in South India.,
0004,Karkodeshwarar Thirukkoyil,Ariyalur,Kamarasavalli,https://maps.app.goo.gl/mxXFBsEXtNfSyfYZ9,"This temple is dedicated to Lord Soundareswarar and his consort Velambal. It Built in A.D. 962. during the reign of Sundara Cholan 
 More than 40 inscriptions and beautiful sculptures of the Cholsa, Pandya, and Hoysala periods exist.",,,,,,,,,,,,,,,,,,,,,
2,Meenakshi Amman Temple,Madurai,Madurai,,,"A 2,500-year-old temple dedicated to Goddess Meenakshi, showcasing intricate sculptures and architecture.","Thousand Pillar Hall, Golden Lotus Tank",All Ages,100,"5:00 AM - 12:30 PM, 4:00 PM - 10:00 PM",2 km,TNSTC Bus #12B,10,"Heritage Residency, Astoria Hotels",November to February,Walking or Auto,Meenakshi Thirukalyanam,Madurai Silk Sarees,"500 - 2,000",Arun Travels,8765432109,"Amma Mess, Murugan Idli Shop",Limited wheelchair access,Be cautious in crowded areas,Remove footwear before entering temple,"The temple has 33,000 sculptures depicting various gods, goddesses, and celestial beings."
3,,Chengalpattu,Mahabalipuram,,,"A 7th-century architectural marvel built by the Pallavas, part of the UNESCO World Heritage group of monuments.","Rock-cut architecture, Krishna’s Butterball",All Ages,40,6:00 AM - 6:00 PM,1.5 km,TNSTC Bus #56X,20,"Radisson Blu Resort, Hotel Mamalla Heritage",December to March,Bike or Car Rental,Mahabalipuram Dance Festival,"Seashells, Stone Sculptures","700 - 2,500",Shiva Tours,7654321098,"Moonrakers, Sea View Restaurant",No wheelchair access,Beware of slippery rocks near the shore,Respect the no-touch zones near monuments,This temple is one of the oldest structural stone temples in South India.
4,Kodaikanal,Dindigul,Kodaikanal,,,"Known as the “Princess of Hill Stations,” Kodaikanal offers serene landscapes, waterfalls, and pleasant weather year-round.","Kodai Lake, Bryant Park",All Ages,Free,6:00 AM - 6:00 PM,2 km,TNSTC Bus #10B,15,Hotel Kodai International,"April to June, September",Bus or Taxi,Summer Season Festival,"Homemade Chocolates, Eucalyptus Oil","1,000 - 3,000",Vimal Travels,9988776655,"Hilltop Inn, Astoria Veg",No wheelchair access,Carry warm clothes during evenings,Be respectful of the eco-sensitive zone,Kodaikanal has India’s first-ever solar observatory.
5,Ooty (Udhagamandalam),Nilgiris,Ooty,,,"Popular hill station with tea plantations, scenic landscapes, and the Nilgiri Mountain Railway (UNESCO Heritage Site).","Botanical Garden, Nilgiri Toy Train",All Ages,20,8:00 AM - 6:30 PM,1 km,TNSTC Bus #20X,25,Sterling Ooty Elk Hill,March to May,"Toy Train, Bus",Summer Festival,"Tea, Homemade Chocolates","2,000 - 4,000",Anu Travels,9998887776,Hyderabadi Biryani House,No wheelchair access,Beware of steep slopes,Dress modestly in public spaces,The Nilgiri Toy Train operates on a narrow-gauge rail built in 1908!
6,Rameshwaram,Ramanathapuram,Rameshwaram,,,"A sacred town associated with Lord Rama, famous for its temples and connection to the Ramayana.","Ramanathaswamy Temple, Pamban Bridge",All Ages,50,"5:00 AM - 1:00 PM, 3:00 PM - 9:00 PM",2 km,TNSTC Bus #30B,15,"Daiwik Hotel, Hyatt Place",October to February,Auto or Cab,"Mahashivratri, Kartikai Deepam","Handicrafts, Shell Products","700 - 2,000",Ramesh Guide,8762341298,Agni Tirtham Beach Shops,Limited wheelchair access,Be cautious around open water,Dress modestly and respect local customs,"The Pamban Bridge is India’s first sea bridge, built in 1914."
7,Yercaud,Salem,Yercaud,,,"A picturesque hill station known for its coffee plantations, tranquil lakes, and viewpoints.","Emerald Lake, Pagoda Point",All Ages,Free,7:00 AM - 6:00 PM,3 km,TNSTC Bus #40Y,15,Grand Palace Hotel,October to June,Bus or Taxi,Summer Festival,"Coffee, Spices","1,000 - 2,000",Green Hill Travels,9345678901,"Saravana Bhavan, Lake View Cafe",Limited wheelchair access,Drive cautiously on hairpin bends,Respect eco-sensitive areas,Yercaud is also called the “Poor Man’s Ooty.”
8,Kanyakumari,Kanniyakumari,Kanyakumari,,,"The southernmost tip of India, famous for its unique sunrise and sunset views, where the Indian Ocean, Arabian Sea, and Bay of Bengal converge.","Vivekananda Rock, Thiruvalluvar Statue",All Ages,50,6:00 AM - 6:00 PM,1 km,TNSTC Bus #25K,20,"Sea View Hotel, Sparsa Resort",November to February,Bus or Train,Chitra Pournami Festival,Seashell Artifacts,"700 - 2,500",South End Tours,9876501234,"Kumar Mess, Cape Hotel",Limited wheelchair access,Beware of strong tides,Respect local religious customs,Kanyakumari is the only place in India where you can witness both sunrise and sunset over the ocean.
9,Chidambaram Nataraja Temple,Cuddalore,Chidambaram,,,"An iconic temple dedicated to Lord Shiva in the form of Nataraja, known for its cosmic dance posture and intricate architecture.","Golden Roof, Thousand Pillars",All Ages,Free,"6:00 AM - 12:00 PM, 4:00 PM - 8:00 PM",2 km,TNSTC Bus #15C,10,Hotel Saradharam,December to February,Auto or Taxi,Natyanjali Dance Festival,Traditional Handicrafts,"500 - 1,500",Shiva Tours,9876098765,Shree Rathna Cafe,Limited wheelchair access,Be cautious with large crowds,Remove footwear before entering temple,"The temple represents the connection between science, spirituality, and art."
0013,,,,,,,,,,,,,,,,,,,,,,,,,,
0014,,,,,,,,,,,,,,,,,,,,,,,,,,
0015,,,,,,,,,,,,,,,,,,,,,,,,,,
0016,,,,,,,,,,,,,,,,,,,,,,,,,,